p.abvalery;AHMV;4eme Année ESF;CG;
p.abvalery;AHMV;P Tech (ESF);CG;
p.abvalery;EAD;Tle Tech (ESF);CG;
p.abvalery;EDUCART;CinquièmeM1;CG;
p.abvalery;NUTRIT;2nd Tech (ESF);CG;
p.abvalery;SEL;4eme Année ESF;CG;
p.abvalery;SEL;P Tech (ESF);CG;
p.abvalery;TechniqueCulinaire;2nd Tech (ESF);CG;
p.aanaza;ANG;Sixieme M1;CG;
p.aanaza;ANG;Troisième M1;CG;
p.aanaza;ANG;1ère Année;CG;
p.aanaza;ANG;Première ALL;CG;
p.aanaza;ANG;Première A4 ESP;CG;
p.aanaza;ANG;Terminale C;CG;
p.aanaza;ANG;Terminale A4;CG;
p.aanaza;ANG;Tle Tech (BP3);CG;
p.aanaza;ANG;Tle Tech (ESF);CG;
p.dndaniel;MATHS;Troisième M1;CG;
p.dndaniel;MATHS;Quatrième M1;CG;
p.dndaniel;MATHS;Première ALL;CG;
p.dndaniel;MATHS;Première A4 ESP;CG;
p.dndaniel;MATHS;Terminale A4;CG;
p.dndaniel;MATHS;3eme Année;CG;
p.dndaniel;MATHS;P Tech (ESF);CG;
p.dndaniel;MATHS;P tech (BP2);CG;
p.dndaniel;MATHS;P Tech (IH);CG;
p.egeorge;CATECHESE;4eme Année ESF;CG;
p.egeorge;CATECHESE;Première ALL;CG;
p.egeorge;CATECHESE;Première D1;CG;
p.egeorge;CATECHESE;Troisième M3;CG;
p.egeorge;CATECHESE;Seconde A4;CG;
p.egeorge;CATECHESE;Seconde C;CG;
p.egeorge;CATECHESE;4eme Année IH;CG;
p.egeorge;CATECHESE;2nd tech (BP1);CG;
p.egeorge;CATECHESE;2nd tech (IH);CG;
p.egeorge;CATECHESE;2nd Tech (ESF);CG;
p.eearnaud;Droit;2nd tech (BP1);CG;
p.eearnaud;Droit;Tle Tech (BP3);CG;
p.eearnaud;ECM;Sixieme M1;CG;
p.eearnaud;ECM;Sixieme M2;CG;
p.eearnaud;ECM;1ère Année;CG;
p.eearnaud;ECM;CinquièmeM1;CG;
p.eearnaud;ECM;Première ALL;CG;
p.eearnaud;ECM;Première A4 ESP;CG;
p.eearnaud;ECM;Première D1;CG;
p.eearnaud;ECM;Terminale D;CG;
p.eearnaud;ECM;Première D2;CG;
p.eearnaud;ECM;Première C;CG;
p.eearnaud;ECM;2eme Année;CG;
p.eearnaud;legislation;4eme Année IH;CG;
p.eearnaud;legislation;4eme Année ESF;CG;
p.eearnaud;VieSociale;Tle Tech (ESF);CG;
p.eearnaud;VieSociale;2nd Tech (ESF);CG;
p.eearnaud;VieSociale;P Tech (ESF);CG;
p.eeannick;Coupe;1ère Année;CG;
p.eeannick;Coupe;2eme Année;CG;
p.eeannick;Coupe;3eme Année;CG;
p.eeannick;COUTURE;1ère Année;CG;
p.eeannick;COUTURE;2eme Année;CG;
p.eeannick;DessinMode;3eme Année;CG;
p.eeannick;DessinTechn;1ère Année;CG;
p.eeannick;DessinTechn;2eme Année;CG;
p.eeannick;DessinTechn;3eme Année;CG;
p.eeannick;Technologie;1ère Année;CG;
p.eeannick;Technologie;3eme Année;CG;
p.elucy;ANG;Quatrième M2;CG;
p.elucy;ANG;Troisième M3;CG;
p.elucy;ANG;Seconde A4;CG;
p.elucy;ANG;Seconde C;CG;
p.elucy;ANG;Première D1;CG;
p.elucy;ANG;Terminale D;CG;
p.elucy;ANG;Première D2;CG;
p.elucy;ANG;Première C;CG;
p.elucy;ANG;2nd Tech (ESF);CG;
p.elucy;ANG;2nd tech (IH);CG;
p.elucy;ANG;2nd tech (BP1);CG;
p.elucy;ANG;P Tech (ESF);CG;
p.elucy;ANG;P tech (BP2);CG;
p.elucy;ANG;P Tech (IH);CG;
p.ejmarie;ECM;Terminale A4;CG;
p.ejmarie;ECM;Terminale C;CG;
p.ejmarie;GEO;Troisième M3;CG;
p.ejmarie;GEO;Seconde A4;CG;
p.ejmarie;GEO;Seconde C;CG;
p.ejmarie;GEO;Première ALL;CG;
p.ejmarie;GEO;Première A4 ESP;CG;
p.ejmarie;GEO;Première D1;CG;
p.ejmarie;GEO;Terminale D;CG;
p.ejmarie;GEO;Terminale A4;CG;
p.ejmarie;HIST;Terminale C;CG;
p.ejmarie;HIST;Première D2;CG;
p.ejmarie;HIST;Première C;CG;
p.firene;ECM;P Tech (ESF);CG;
p.firene;ECM;P Tech (IH);CG;
p.firene;ECM;Tle Tech (ESF);CG;
p.firene;GEO;Terminale C;CG;
p.firene;GEO;Première D2;CG;
p.firene;GEO;Première C;CG;
p.firene;HistoireGeo;P Tech (ESF);CG;
p.firene;HistoireGeo;P Tech (IH);CG;
p.firene;HistoireGeo;Tle Tech (ESF);CG;
p.hhenri;Hygene-Securite-Env;2nd tech (BP1);CG;
p.hhenri;Hygene-Securite-Env;Tle Tech (BP3);CG;
p.hhenri;SVT;Troisième M2;CG;
p.hhenri;SVT;Première A4 ESP;CG;
p.hhenri;SVT;Première D1;CG;
p.hhenri;SVT;Terminale C;CG;
p.hhenri;SVT;Tle Tech (ESF);CG;
p.ialeo;FRCAIS;P Tech (ESF);CG;
p.ialeo;FRCAIS;P tech (BP2);CG;
p.ialeo;FRCAIS;P Tech (IH);CG;
p.ialeo;Langue Francaise;Seconde A4;CG;
p.ialeo;Langue Francaise;Première ALL;CG;
p.ialeo;Langue Francaise;Première D1;CG;
p.ialeo;Langue Francaise;Terminale C;CG;
p.ialeo;littetrature;Seconde A4;CG;
p.ialeo;littetrature;Première ALL;CG;
p.ialeo;littetrature;Première D1;CG;
p.ialeo;littetrature;Terminale C;CG;
pktheda;ST;Sixieme M1;CG;
pktheda;SVT;Première D2;CG;
pktheda;SVT;Première C;CG;
pktheda;SVT;Troisième M3;CG;
pktheda;SVT;2nd Tech (ESF);CG;
pktheda;SVT;Première ALL;CG;
p.kmpascal;MATHS;Sixieme M2;CG;
p.kmpascal;MATHS;Quatrième M2;CG;
p.kmpascal;MATHS;Troisième M2;CG;
p.kmpascal;MATHS;4eme Année IH;CG;
p.kmpascal;MATHS;4eme Année ESF;CG;
p.kmpascal;PCT;Troisième M1;CG;
p.kmpascal;PCT;Quatrième M1;CG;
p.kmpascal;science_physique;Seconde A4;CG;
p.kjustin;ESP;Quatrième M2;CG;
p.kjustin;ESP;Troisième M2;CG;
p.kjustin;ESP;Troisième M3;CG;
p.kjustin;ESP;Seconde A4;CG;
p.kjustin;ET;Troisième M1;CG;
p.kjustin;ET;2eme Année;CG;
p.kjustin;EXE;Troisième M1;CG;
p.kjustin;ORT;Troisième M1;CG;
p.kjustin;ORT;2eme Année;CG;
p.knglwadys;ET;CinquièmeM1;CG;
p.knglwadys;EXE;CinquièmeM1;CG;
p.knglwadys;EXO;CinquièmeM1;CG;
p.knglwadys;FRCAIS;2nd Tech (ESF);CG;
p.knglwadys;FRCAIS;2nd tech (IH);CG;
p.knglwadys;FRCAIS;2nd tech (BP1);CG;
p.knglwadys;Langue Francaise;Seconde C;CG;
p.knglwadys;Langue Francaise;Terminale D;CG;
p.knglwadys;Langue Francaise;Première D2;CG;
p.knglwadys;Langue Francaise;Première C;CG;
p.knglwadys;littetrature;Seconde C;CG;
p.knglwadys;littetrature;Terminale D;CG;
p.knglwadys;littetrature;Première D2;CG;
p.knglwadys;littetrature;Première C;CG;
p.knglwadys;ORT;CinquièmeM1;CG;
p.knleopold;Hygene-Securite-Env;P tech (BP2);CG;
p.knleopold;physique_chimie;Première A4 ESP;CG;
p.knleopold;SVT;Quatrième M1;CG;
p.knleopold;SVT;Seconde A4;CG;
p.knleopold;SVT;Seconde C;CG;
p.knleopold;SVT;4eme Année ESF;CG;
p.knleopold;SVT;4eme Année IH;CG;
p.lmluther;PCT;Quatrième M2;CG;
p.lmluther;PCT;Troisième M2;CG;
p.lmluther;PCT;Troisième M3;CG;
p.lmluther;science_physique;3eme Année;CG;
p.lmluther;science_physique;4eme Année IH;CG;
p.lmluther;science_physique;2nd Tech (ESF);CG;
p.lmluther;science_physique;2nd tech (IH);CG;
pmsylvie;AnaFab;P Tech (IH);CG;
pmsylvie;DessinMode;P tech (BP2);CG;
pmsylvie;DessinMode;P Tech (IH);CG;
pmsylvie;Metier_et_formation;1ère Année;CG;
pmsylvie;OT;2nd tech (BP1);CG;
pmsylvie;PATROGRAD;2nd tech (IH);CG;
pmsylvie;Technologie;2nd tech (IH);CG;
pmsylvie;Technologie;2nd tech (BP1);CG;
pmsylvie;TPFAB;P Tech (IH);CG;
p.mmbiane;ESP;Première A4 ESP;CG;
p.mmbiane;ESP;Terminale A4;CG;
p.memmanuel;ALL;Sixieme M1;CG;
p.memmanuel;ALL;Sixieme M2;CG;
p.memmanuel;ALL;CinquièmeM1;CG;
p.memmanuel;ECM;3eme Année;CG;
p.memmanuel;ECM;Quatrième M1;CG;
p.memmanuel;GEO;Sixieme M1;CG;
p.memmanuel;GEO;Sixieme M2;CG;
p.memmanuel;GEO;Quatrième M1;CG;
p.memmanuel;GEO;Quatrième M2;CG;
p.memmanuel;GEO;CinquièmeM1;CG;
p.memmanuel;HIST;Sixieme M1;CG;
p.memmanuel;HIST;Sixieme M2;CG;
p.memmanuel;HIST;Quatrième M1;CG;
p.memmanuel;HIST;Quatrième M2;CG;
p.memmanuel;HIST;CinquièmeM1;CG;
p.memmanuel;HistoireGeo;3eme Année;CG;
p.memmanuel;HistoireGeo;1ère Année;CG;
p.memmanuel;HistoireGeo;2eme Année;CG;
p.mjmarie;EOE;2nd Tech (ESF);CG;
p.mjmarie;EOE;P Tech (ESF);CG;
p.mjmarie;EOE;P Tech (IH);CG;
p.mjmarie;EOE;Tle Tech (ESF);CG;
p.mjmarie;Marketing;4eme Année ESF;CG;
p.mttheo;Automatisme;2nd tech (IH);CG;
p.mttheo;Automatisme;P Tech (IH);CG;
p.nflorian;CATECHESE;Troisième M1;CG;
p.nflorian;CATECHESE;Terminale C;CG;
p.nflorian;CATECHESE;Terminale D;CG;
p.nflorian;CATECHESE;Première D2;CG;
p.nflorian;CATECHESE;Première C;CG;
p.npzephirin;FRCAIS;Tle Tech (BP3);CG;
p.npzephirin;FRCAIS;Tle Tech (ESF);CG;
p.npzephirin;Langue Francaise;Première A4 ESP;CG;
p.npzephirin;Langue Francaise;Terminale A4;CG;
p.npzephirin;littetrature;Première A4 ESP;CG;
p.npzephirin;littetrature;Terminale A4;CG;
p.nirene;ALL;Troisième M1;CG;
p.nirene;ALL;Quatrième M1;CG;
p.nirene;ALL;Seconde A4;CG;
p.nirene;ALL;Première ALL;CG;
p.nirene;ALL;Terminale A4;CG;
p.nbertrand;CATECHESE;Première A4 ESP;CG;
p.nbertrand;CATECHESE;Terminale A4;CG;
p.nbertrand;CATECHESE;P Tech (ESF);CG;
p.nbertrand;CATECHESE;P tech (BP2);CG;
p.nbertrand;CATECHESE;P Tech (IH);CG;
p.nlmarie;CULTNA;Sixieme M1;CG;
p.nlmarie;CULTNA;Sixieme M2;CG;
p.nlmarie;CULTNA;CinquièmeM1;CG;
p.nlmarie;LANA;Sixieme M1;CG;
p.nlmarie;LANA;Sixieme M2;CG;
p.nlmarie;LANA;CinquièmeM1;CG;
p.nlmarie;LAT;Sixieme M1;CG;
p.nlmarie;LAT;Sixieme M2;CG;
p.nlmarie;LAT;CinquièmeM1;CG;
p.nkmarie;GSO;Tle Tech (ESF);CG;
p.nkmarie;GSO;Tle Tech (BP3);CG;
p.nkmarie;INF;Terminale A4;CG;
p.nkmarie;INF;Première D2;CG;
p.nkmarie;INF;Première C;CG;
p.ntjosep;CATECHESE;Tle Tech (BP3);CG;
p.ntjosep;CATECHESE;Tle Tech (ESF);CG;
p.ntarlet;AHMV;2nd Tech (ESF);CG;
p.ntarlet;EAD;P Tech (ESF);CG;
p.ntarlet;EDUCART;Sixieme M2;CG;
p.ntarlet;PDG;4eme Année ESF;CG;
p.ntarlet;PDG;P Tech (ESF);CG;
p.ntarlet;SEL;2nd Tech (ESF);CG;
p.ntarlet;Sel-PDG-Nutri;Tle Tech (ESF);CG;
p.ntarlet;TechniqueCulinaire;Tle Tech (ESF);CG;
p.nkassimir;ET;Sixieme M2;CG;
p.nkassimir;ET;Quatrième M2;CG;
p.nkassimir;ET;Troisième M2;CG;
p.nkassimir;ET;4eme Année ESF;CG;
p.nkassimir;ET;4eme Année IH;CG;
p.nkassimir;EXE;Sixieme M2;CG;
p.nkassimir;EXE;Quatrième M2;CG;
p.nkassimir;EXE;Troisième M2;CG;
p.nkassimir;EXO;Sixieme M2;CG;
p.nkassimir;ORT;Quatrième M2;CG;
p.nkassimir;ORT;Troisième M2;CG;
p.nkassimir;ORT;4eme Année ESF;CG;
p.nkassimir;ORT;Sixieme M2;CG;
p.nkassimir;ORT;4eme Année IH;CG;
p.njoseph;ANG;Sixieme M2;CG;
p.njoseph;ANG;Quatrième M1;CG;
p.njoseph;ANG;CinquièmeM1;CG;
p.njoseph;ANG;Troisième M2;CG;
p.njoseph;ANG;2eme Année;CG;
p.njoseph;ANG;3eme Année;CG;
p.njoseph;ANG;4eme Année ESF;CG;
p.njoseph;ANG;4eme Année IH;CG;
p.ngabrielle;CHIM;Seconde C;CG;
p.ngabrielle;CHIM;Première D1;CG;
p.ngabrielle;CHIM;Terminale D;CG;
p.ngabrielle;PHY;Seconde C;CG;
p.ngabrielle;PHY;Première D1;CG;
p.ngabrielle;PHY;Terminale D;CG;
p.ngabrielle;physique_chimie;Première ALL;CG;
p.njleopold;SVT;Terminale D;CG;
p.ndavid;Droit;P tech (BP2);CG;
p.ndavid;ECM;Seconde A4;CG;
p.ndavid;ECM;Seconde C;CG;
p.ndavid;ECM;Quatrième M2;CG;
p.nnjoseph;GSO;P Tech (ESF);CG;
p.nnjoseph;GSO;P tech (BP2);CG;
p.nnjoseph;GSO;P Tech (IH);CG;
p.nnjoseph;INF;Troisième M1;CG;
p.nnjoseph;INF;Terminale C;CG;
p.nnjoseph;INF;Terminale D;CG;
pnmaurel;ECM;Troisième M1;CG;
pnmaurel;ECM;4eme Année IH;CG;
pnmaurel;ECM;2nd Tech (ESF);CG;
pnmaurel;ECM;Troisième M2;CG;
pnmaurel;ECM;Troisième M3;CG;
pnmaurel;ECM;2nd tech (IH);CG;
pnmaurel;ECM;4eme Année ESF;CG;
pnmaurel;ECM;2nd tech (BP1);CG;
pnmaurel;HIST;Troisième M2;CG;
pnmaurel;HIST;Troisième M3;CG;
pnmaurel;HistoireGeo;4eme Année ESF;CG;
pnmaurel;HistoireGeo;4eme Année IH;CG;
pnmaurel;HistoireGeo;2nd Tech (ESF);CG;
pnmaurel;HistoireGeo;2nd tech (IH);CG;
pnmaurel;TM;Seconde C;CG;
p.nagnes;COUTURE;3eme Année;CG;
p.nagnes;DessinMode;1ère Année;CG;
p.nagnes;DessinMode;2eme Année;CG;
p.nagnes;DessinMode;4eme Année IH;CG;
p.nagnes;EAD;4eme Année ESF;CG;
p.nagnes;EAD;2nd Tech (ESF);CG;
p.nagnes;EDUCART;Sixieme M1;CG;
p.nagnes;EDUCART;Troisième M1;CG;
p.nagnes;EDUCART;Quatrième M1;CG;
p.nagnes;EDUCART;Quatrième M2;CG;
p.nagnes;EDUCART;Troisième M2;CG;
p.nagnes;Technologie;4eme Année IH;CG;
p.nagnes;techno_textile;2eme Année;CG;
pojulienne;CATECHESE;Sixieme M1;CG;
pojulienne;CATECHESE;Sixieme M2;CG;
pojulienne;CATECHESE;Quatrième M1;CG;
pojulienne;CATECHESE;1ère Année;CG;
pojulienne;CATECHESE;Quatrième M2;CG;
pojulienne;CATECHESE;CinquièmeM1;CG;
pojulienne;CATECHESE;Troisième M2;CG;
pojulienne;CATECHESE;2eme Année;CG;
p.pbmarie;AHMV;Tle Tech (ESF);CG;
p.pbmarie;EDUCART;Troisième M3;CG;
p.pbmarie;NUTRIT;4eme Année ESF;CG;
p.pbmarie;NUTRIT;P Tech (ESF);CG;
p.pbmarie;PDG;2nd Tech (ESF);CG;
p.pbmarie;TechniqueCulinaire;4eme Année ESF;CG;
p.pbmarie;TechniqueCulinaire;P Tech (ESF);CG;
p.ppatrice;legislation;2eme Année;CG;
p.ppatrice;legislation;3eme Année;CG;
p.ppatrice;TM;2nd Tech (ESF);CG;
p.ppatrice;TM;Sixieme M1;CG;
p.ppatrice;TM;Troisième M1;CG;
p.ppatrice;TM;1ère Année;CG;
p.ppatrice;TM;Troisième M2;CG;
p.ppatrice;TM;Troisième M3;CG;
p.ppatrice;TM;Seconde A4;CG;
p.ppatrice;TM;Première D1;CG;
p.ppatrice;TM;Terminale C;CG;
p.ppatrice;TM;2eme Année;CG;
p.ppatrice;TM;Terminale A4;CG;
p.ppatrice;TM;Terminale D;CG;
p.ppatrice;TM;Première C;CG;
p.ppatrice;TM;2nd tech (IH);CG;
p.ppatrice;TM;2nd tech (BP1);CG;
p.sandre;MATHS;Troisième M3;CG;
p.sandre;MATHS;Seconde A4;CG;
p.sandre;MATHS;2nd Tech (ESF);CG;
p.sandre;MATHS;2nd tech (IH);CG;
p.sandre;MATHS;2nd tech (BP1);CG;
p.sandre;MATHS;Tle Tech (BP3);CG;
p.sandre;MATHS;Tle Tech (ESF);CG;
p.sseverin;EPS;2nd Tech (ESF);CG;
p.sseverin;EPS;2nd tech (IH);CG;
p.sseverin;EPS;2nd tech (BP1);CG;
p.sseverin;EPS;P Tech (ESF);CG;
p.sseverin;EPS;P tech (BP2);CG;
p.sseverin;EPS;P Tech (IH);CG;
p.sseverin;EPS;Sixieme M2;CG;
p.sseverin;EPS;Seconde A4;CG;
p.sseverin;EPS;Quatrième M2;CG;
p.sseverin;EPS;Troisième M2;CG;
p.sseverin;EPS;Troisième M3;CG;
p.sseverin;EPS;Première A4 ESP;CG;
p.sseverin;EPS;Seconde C;CG;
p.sseverin;EPS;Première ALL;CG;
p.sseverin;EPS;4eme Année ESF;CG;
p.sseverin;EPS;4eme Année IH;CG;
p.sseverin;TM;CinquièmeM1;CG;
p.sseverin;TM;Quatrième M1;CG;
p.sseverin;TM;Sixieme M2;CG;
p.sseverin;TM;Quatrième M2;CG;
p.sseverin;TM;Première ALL;CG;
p.sseverin;TM;Première A4 ESP;CG;
p.sseverin;TM;3eme Année;CG;
p.stsing;CHIM;Terminale C;CG;
p.stsing;CHIM;Première D2;CG;
p.stsing;CHIM;Première C;CG;
p.stsing;PHY;Terminale C;CG;
p.stsing;PHY;Première D2;CG;
p.stsing;PHY;Première C;CG;
p.stsing;science_physique;P Tech (ESF);CG;
p.stsing;science_physique;P Tech (IH);CG;
p.stsing;science_physique;Tle Tech (ESF);CG;
p.tpierre;GEO;Troisième M1;CG;
p.tpierre;GEO;Troisième M2;CG;
p.tpierre;HIST;Troisième M1;CG;
p.tpierre;HIST;Seconde A4;CG;
p.tpierre;HIST;Seconde C;CG;
p.tpierre;HIST;Première ALL;CG;
p.tpierre;HIST;Première A4 ESP;CG;
p.tpierre;HIST;Première D1;CG;
p.tpierre;HIST;Terminale A4;CG;
p.tpierre;HIST;Terminale D;CG;
p.tchristope;TM;Première D2;CG;
p.tkamdem;MATHS;Première D1;CG;
p.tkamdem;MATHS;Terminale D;CG;
p.tnicephor;EPS;Sixieme M1;CG;
p.tnicephor;EPS;Quatrième M1;CG;
p.tnicephor;EPS;1ère Année;CG;
p.tnicephor;EPS;CinquièmeM1;CG;
p.tnicephor;EPS;Première D1;CG;
p.tnicephor;EPS;Terminale C;CG;
p.tnicephor;EPS;2eme Année;CG;
p.tnicephor;EPS;Terminale A4;CG;
p.tnicephor;EPS;Terminale D;CG;
p.tnicephor;EPS;3eme Année;CG;
p.tnicephor;EPS;Première D2;CG;
p.tnicephor;EPS;Première C;CG;
p.tnicephor;EPS;Troisième M1;CG;
p.tnicephor;EPS;Tle Tech (BP3);CG;
p.tnicephor;EPS;Tle Tech (ESF);CG;
p.tannette;AnaFab;2nd tech (IH);CG;
p.tannette;DessinTechn;2nd tech (IH);CG;
p.tannette;DessinTechn;4eme Année IH;CG;
p.tannette;DessinTechn;P Tech (IH);CG;
p.tannette;OT;Tle Tech (BP3);CG;
p.tannette;OT;P Tech (IH);CG;
p.tannette;OT;P tech (BP2);CG;
p.tannette;PATROGRAD;P Tech (IH);CG;
p.tannette;Technologie;P tech (BP2);CG;
p.tannette;Technologie;P Tech (IH);CG;
p.tannette;TPFAB;2nd tech (IH);CG;
p.telie;ESP;Sixieme M1;CG;
p.telie;ESP;Sixieme M2;CG;
p.telie;ESP;CinquièmeM1;CG;
p.telie;ET;3eme Année;CG;
p.telie;ET;Quatrième M1;CG;
p.telie;ET;Sixieme M1;CG;
p.telie;ET;1ère Année;CG;
p.telie;ET;Troisième M3;CG;
p.telie;EXE;Sixieme M1;CG;
p.telie;EXE;Quatrième M1;CG;
p.telie;EXE;Troisième M3;CG;
p.telie;EXO;Sixieme M1;CG;
p.telie;EXO;1ère Année;CG;
p.telie;ORT;3eme Année;CG;
p.telie;ORT;Sixieme M1;CG;
p.telie;ORT;Quatrième M1;CG;
p.telie;ORT;1ère Année;CG;
p.telie;ORT;Troisième M3;CG;
p.tmbernard;MATHS;Sixieme M1;CG;
p.tmbernard;MATHS;1ère Année;CG;
p.tmbernard;MATHS;CinquièmeM1;CG;
p.tmbernard;MATHS;2eme Année;CG;
p.tmbernard;ST;Sixieme M2;CG;
p.tmbernard;SVT;Troisième M1;CG;
p.tmbernard;SVT;Quatrième M2;CG;
p.tmbernard;SVT;CinquièmeM1;CG;
p.tmbernard;SVT;3eme Année;CG;
p.tmbernard;SVT;P Tech (ESF);CG;
p.tfjac;Coupe;4eme Année IH;CG;
p.tfjac;COUTURE;P tech (BP2);CG;
p.tfjac;COUTURE;Tle Tech (BP3);CG;
p.tfjac;DessinMode;Tle Tech (BP3);CG;
p.tfjac;SYNT;Tle Tech (BP3);CG;
p.wlili;INF;Sixieme M2;CG;
p.wlili;INF;Quatrième M1;CG;
p.wlili;INF;CinquièmeM1;CG;
p.wlili;INF;Troisième M3;CG;
p.wlili;INF;Seconde A4;CG;
p.wlili;INF;Seconde C;CG;
p.wlili;INF;Première ALL;CG;
p.wlili;INF;Première A4 ESP;CG;
p.wlili;INF;Première D1;CG;
p.wlili;INF;2eme Année;CG;
p.wlili;INF;3eme Année;CG;
p.wlili;INF;4eme Année ESF;CG;
p.wlili;INF;4eme Année IH;CG;
Pwvincent;Philo;Première ALL;CG;
Pwvincent;Philo;Première A4 ESP;CG;
Pwvincent;Philo;Terminale C;CG;
Pwvincent;Philo;Terminale A4;CG;
Pwvincent;Philo;Terminale D;CG;
p.wemilie;GSO;2nd Tech (ESF);CG;
p.wemilie;GSO;2nd tech (IH);CG;
p.wemilie;GSO;2nd tech (BP1);CG;
p.wemilie;INF;Sixieme M1;CG;
p.wemilie;INF;1ère Année;CG;
p.wemilie;INF;Quatrième M2;CG;
p.wemilie;INF;Troisième M2;CG;
p.yelise;ANATO;2nd tech (BP1);CG;
p.yelise;Coupe;2nd tech (BP1);CG;
p.yelise;Coupe;P tech (BP2);CG;
p.yelise;Coupe;Tle Tech (BP3);CG;
p.yelise;COUTURE;4eme Année IH;CG;
p.yelise;COUTURE;2nd tech (BP1);CG;
p.yelise;DessinMode;2nd tech (IH);CG;
p.yelise;DessinMode;2nd tech (BP1);CG;
p.yelise;Histoire du Costume;2nd tech (BP1);CG;
p.yelise;Histoire du Costume;P tech (BP2);CG;
p.yzacharie;MATHS;Première D2;CG;
p.yzacharie;MATHS;Première C;CG;
p.yzacharie;MATHS;Seconde C;CG;
p.yzacharie;MATHS;Terminale C;CG;
